Model                                            , Provider    , Tags            , Input $/1M, Output $/1M, Context, Latency(s), Throughput(t/s), Tools, Structured
CohereLabs/aya-expanse-32b                       , cohere      ,                 , -         , -          , -      , 0.26      , 41             , No   , No
CohereLabs/aya-vision-32b                        , cohere      ,                 , -         , -          , -      , 0.28      , 37             , No   , No
CohereLabs/c4ai-command-a-03-2025                , cohere      ,                 , -         , -          , -      , 0.21      , 60             , Yes  , No
CohereLabs/c4ai-command-r-08-2024                , cohere      ,                 , -         , -          , -      , 0.25      , 48             , Yes  , No
CohereLabs/c4ai-command-r7b-12-2024              , cohere      ,                 , -         , -          , -      , 0.21      , 128            , Yes  , No
CohereLabs/c4ai-command-r7b-arabic-02-2025       , cohere      ,                 , -         , -          , -      , 0.24      , 101            , Yes  , No
CohereLabs/command-a-reasoning-08-2025           , cohere      ,                 , -         , -          , -      , 0.19      , 81             , Yes  , No
CohereLabs/command-a-translate-08-2025           , cohere      ,                 , -         , -          , -      , 0.20      , 64             , Yes  , No
CohereLabs/command-a-vision-07-2025              , cohere      ,                 , -         , -          , -      , 0.14      , 43             , No   , No
EssentialAI/rnj-1-instruct                       , together    ,                 , 0.15      , 0.15       , 32768  , 0.34      , 114            , Yes  , Yes
HuggingFaceTB/SmolLM3-3B                         , hf-inference,                 , -         , -          , -      , 0.12      , 91             , Yes  , Yes
MiniMaxAI/MiniMax-M1-80k                         , novita      ,                 , 0.55      , 2.20       , 1000000, 1.17      , 70             , Yes  , No
MiniMaxAI/MiniMax-M2                             , novita      ,                 , 0.30      , 1.20       , 204800 , 0.95      , 75             , Yes  , No
MiniMaxAI/MiniMax-M2.1                           , novita      ,                 , 0.30      , 1.20       , 204800 , 0.95      , 56             , No   , No
NousResearch/Hermes-2-Pro-Llama-3-8B             , novita      ,                 , 0.14      , 0.14       , 8192   , 0.68      , 106            , No   , No
Qwen/Qwen2.5-72B-Instruct                        , fireworks-ai,                 , -         , -          , -      , -         , -              , -    , -
Qwen/Qwen2.5-72B-Instruct                        , hyperbolic  ,                 , 0.40      , 0.40       , 131072 , 0.74      , 68             , Yes  , No
Qwen/Qwen2.5-72B-Instruct                        , novita      , cheapest        , 0.38      , 0.40       , 32000  , 0.64      , 34             , Yes  , No
Qwen/Qwen2.5-72B-Instruct                        , together    , fastest         , 1.20      , 1.20       , 131072 , 0.31      , 78             , Yes  , Yes
Qwen/Qwen2.5-7B-Instruct                         , together    ,                 , 0.30      , 0.30       , 32768  , 0.29      , 113            , Yes  , Yes
Qwen/Qwen2.5-Coder-32B-Instruct                  , hyperbolic  ,                 , 0.20      , 0.20       , 32768  , 0.46      , 40             , No   , No
Qwen/Qwen2.5-Coder-32B-Instruct                  , nscale      , cheapest        , 0.06      , 0.20       , 131072 , 0.85      , 28             , No   , Yes
Qwen/Qwen2.5-Coder-32B-Instruct                  , scaleway    , fastest         , -         , -          , -      , 0.42      , 70             , Yes  , No
Qwen/Qwen2.5-Coder-32B-Instruct                  , together    ,                 , -         , -          , -      , -         , -              , -    , -
Qwen/Qwen2.5-Coder-3B-Instruct                   , nscale      ,                 , 0.01      , 0.03       , 32768  , 0.71      , 88             , No   , Yes
Qwen/Qwen2.5-Coder-7B-Instruct                   , nscale      ,                 , 0.01      , 0.03       , 131072 , 0.74      , 62             , No   , Yes
Qwen/Qwen2.5-VL-32B-Instruct                     , fireworks-ai,                 , 0.22      , 0.88       , 128000 , 0.23      , 65             , No   , No
Qwen/Qwen2.5-VL-72B-Instruct                     , hyperbolic  , cheapest fastest, 0.60      , 0.60       , 32768  , 0.53      , 43             , No   , No
Qwen/Qwen2.5-VL-72B-Instruct                     , ovhcloud    ,                 , 1.01      , 1.01       , 32768  , 0.43      , 31             , No   , Yes
Qwen/Qwen2.5-VL-7B-Instruct                      , hyperbolic  ,                 , 0.20      , 0.20       , 32768  , 0.41      , 103            , No   , No
Qwen/Qwen3-14B                                   , nscale      ,                 , 0.07      , 0.20       , 40960  , 0.96      , 52             , Yes  , Yes
Qwen/Qwen3-235B-A22B                             , fireworks-ai, fastest         , 0.22      , 0.88       , 131072 , 0.57      , 60             , Yes  , No
Qwen/Qwen3-235B-A22B                             , novita      ,                 , 0.20      , 0.80       , 40960  , 0.83      , 37             , No   , No
Qwen/Qwen3-235B-A22B                             , nscale      , cheapest        , 0.20      , 0.60       , 32000  , 0.95      , 23             , Yes  , Yes
Qwen/Qwen3-235B-A22B                             , together    ,                 , 0.20      , 0.60       , 40960  , 0.44      , 35             , Yes  , Yes
Qwen/Qwen3-235B-A22B-FP8                         , together    ,                 , 0.20      , 0.60       , 40960  , 0.45      , 29             , Yes  , Yes
Qwen/Qwen3-235B-A22B-Instruct-2507               , cerebras    , fastest         , 0.60      , 1.20       , -      , 0.23      , 238            , Yes  , No
Qwen/Qwen3-235B-A22B-Instruct-2507               , fireworks-ai,                 , 0.22      , 0.88       , 262144 , 3.61      , 24             , Yes  , No
Qwen/Qwen3-235B-A22B-Instruct-2507               , hyperbolic  ,                 , 2.00      , 2.00       , 262144 , 0.73      , 53             , Yes  , No
Qwen/Qwen3-235B-A22B-Instruct-2507               , novita      , cheapest        , 0.09      , 0.58       , 131072 , 1.23      , 26             , Yes  , Yes
Qwen/Qwen3-235B-A22B-Instruct-2507               , nscale      ,                 , 0.20      , 0.60       , 32768  , 1.03      , 19             , Yes  , Yes
Qwen/Qwen3-235B-A22B-Instruct-2507               , scaleway    ,                 , -         , -          , -      , 0.48      , 78             , Yes  , Yes
Qwen/Qwen3-235B-A22B-Instruct-2507               , together    ,                 , 0.20      , 0.60       , 262144 , 0.66      , 42             , No   , No
Qwen/Qwen3-235B-A22B-Thinking-2507               , cerebras    ,                 , -         , -          , -      , -         , -              , -    , -
Qwen/Qwen3-235B-A22B-Thinking-2507               , fireworks-ai, cheapest fastest, 0.22      , 0.88       , 262144 , 0.79      , 66             , Yes  , No
Qwen/Qwen3-235B-A22B-Thinking-2507               , novita      ,                 , 0.30      , 3.00       , 131072 , 0.56      , 50             , Yes  , No
Qwen/Qwen3-30B-A3B                               , fireworks-ai,                 , -         , -          , -      , -         , -              , -    , -
Qwen/Qwen3-30B-A3B                               , novita      ,                 , 0.09      , 0.45       , 40960  , 0.79      , 88             , Yes  , No
Qwen/Qwen3-32B                                   , cerebras    , fastest         , 0.40      , 0.80       , -      , 0.26      , 1180           , Yes  , No
Qwen/Qwen3-32B                                   , groq        ,                 , 0.29      , 0.59       , 131072 , 0.13      , 259            , Yes  , No
Qwen/Qwen3-32B                                   , novita      ,                 , 0.10      , 0.45       , 40960  , 0.72      , 38             , No   , No
Qwen/Qwen3-32B                                   , nscale      , cheapest        , 0.08      , 0.25       , 40960  , 0.90      , 28             , Yes  , Yes
Qwen/Qwen3-32B                                   , ovhcloud    ,                 , 0.09      , 0.25       , 32768  , 0.38      , 37             , Yes  , Yes
Qwen/Qwen3-32B                                   , sambanova   ,                 , 0.40      , 0.80       , 32768  , 1.10      , 232            , Yes  , Yes
Qwen/Qwen3-4B-Instruct-2507                      , nscale      ,                 , 0.01      , 0.03       , 262144 , 0.74      , 59             , Yes  , No
Qwen/Qwen3-4B-Thinking-2507                      , nscale      ,                 , 0.01      , 0.03       , 262144 , 0.84      , 95             , Yes  , No
Qwen/Qwen3-8B                                    , nscale      ,                 , 0.07      , 0.18       , 40960  , 0.76      , 58             , Yes  , No
Qwen/Qwen3-Coder-30B-A3B-Instruct                , fireworks-ai,                 , -         , -          , -      , -         , -              , -    , -
Qwen/Qwen3-Coder-30B-A3B-Instruct                , ovhcloud    , cheapest        , 0.07      , 0.26       , 262144 , 0.37      , 43             , Yes  , Yes
Qwen/Qwen3-Coder-30B-A3B-Instruct                , scaleway    , fastest         , -         , -          , -      , 0.38      , 70             , Yes  , No
Qwen/Qwen3-Coder-480B-A35B-Instruct              , cerebras    ,                 , -         , -          , -      , -         , -              , -    , -
Qwen/Qwen3-Coder-480B-A35B-Instruct              , fireworks-ai,                 , 0.45      , 1.80       , 262144 , 0.39      , 63             , Yes  , No
Qwen/Qwen3-Coder-480B-A35B-Instruct              , hyperbolic  , fastest         , 2.00      , 2.00       , 262144 , 0.69      , 73             , Yes  , No
Qwen/Qwen3-Coder-480B-A35B-Instruct              , novita      , cheapest        , 0.30      , 1.30       , 262144 , 0.66      , 54             , Yes  , No
Qwen/Qwen3-Coder-480B-A35B-Instruct              , together    ,                 , 2.00      , 2.00       , 262144 , 0.41      , 60             , Yes  , Yes
Qwen/Qwen3-Coder-480B-A35B-Instruct-FP8          , together    ,                 , 2.00      , 2.00       , 262144 , 0.40      , 45             , Yes  , Yes
Qwen/Qwen3-Coder-Next                            , novita      ,                 , 0.20      , 1.50       , 262144 , 0.92      , 141            , Yes  , Yes
Qwen/Qwen3-Coder-Next-FP8                        , together    ,                 , 0.50      , 1.20       , 262144 , 0.65      , 72             , Yes  , Yes
Qwen/Qwen3-Next-80B-A3B-Instruct                 , hyperbolic  , cheapest fastest, 0.30      , 0.30       , 262144 , 0.56      , 170            , Yes  , No
Qwen/Qwen3-Next-80B-A3B-Instruct                 , novita      ,                 , 0.15      , 1.50       , 131072 , 2.85      , 81             , Yes  , No
Qwen/Qwen3-Next-80B-A3B-Instruct                 , together    ,                 , 0.15      , 1.50       , 262144 , 0.40      , 125            , Yes  , Yes
Qwen/Qwen3-Next-80B-A3B-Thinking                 , hyperbolic  , cheapest fastest, 0.30      , 0.30       , 262144 , 0.60      , 188            , Yes  , No
Qwen/Qwen3-Next-80B-A3B-Thinking                 , novita      ,                 , 0.15      , 1.50       , 131072 , 0.84      , 170            , Yes  , No
Qwen/Qwen3-Next-80B-A3B-Thinking                 , together    ,                 , 0.15      , 1.50       , 262144 , 1.06      , 172            , Yes  , Yes
Qwen/Qwen3-VL-235B-A22B-Instruct                 , novita      ,                 , 0.30      , 1.50       , 131072 , 1.14      , 18             , Yes  , Yes
Qwen/Qwen3-VL-235B-A22B-Thinking                 , novita      ,                 , 0.98      , 3.95       , 131072 , 1.02      , 42             , No   , No
Qwen/Qwen3-VL-30B-A3B-Instruct                   , novita      ,                 , 0.20      , 0.70       , 131072 , 0.71      , 110            , Yes  , Yes
Qwen/Qwen3-VL-30B-A3B-Thinking                   , novita      ,                 , 0.20      , 1.00       , 131072 , 0.90      , 92             , Yes  , No
Qwen/Qwen3-VL-32B-Instruct                       , together    ,                 , 0.50      , 1.50       , 262144 , 0.29      , 57             , No   , No
Qwen/Qwen3-VL-8B-Instruct                        , novita      ,                 , 0.08      , 0.50       , 131072 , 0.89      , 65             , Yes  , Yes
Sao10K/L3-70B-Euryale-v2.1                       , novita      ,                 , 1.48      , 1.48       , 8192   , 0.77      , 34             , No   , No
Sao10K/L3-8B-Lunaris-v1                          , novita      ,                 , 0.05      , 0.05       , 8192   , 1.38      , 32             , No   , No
Sao10K/L3-8B-Stheno-v3.2                         , novita      ,                 , 0.05      , 0.05       , 8192   , 0.72      , 43             , No   , No
ServiceNow-AI/Apriel-1.6-15b-Thinker             , together    ,                 , 0.00      , 0.00       , 131072 , 0.16      , 147            , No   , No
XiaomiMiMo/MiMo-V2-Flash                         , novita      ,                 , 0.10      , 0.30       , 262144 , 0.67      , 64             , Yes  , Yes
aisingapore/Gemma-SEA-LION-v4-27B-IT             , publicai    ,                 , 0.20      , 0.40       , -      , 2.84      , 45             , No   , Yes
aisingapore/Qwen-SEA-LION-v4-32B-IT              , publicai    ,                 , 0.25      , 0.50       , -      , 2.10      , 43             , Yes  , Yes
allenai/Molmo2-8B                                , publicai    ,                 , -         , -          , -      , 2.02      , 53             , No   , No
allenai/Olmo-3-7B-Instruct                       , publicai    ,                 , 0.10      , 0.20       , -      , -         , -              , Yes  , No
allenai/Olmo-3.1-32B-Instruct                    , publicai    ,                 , 0.20      , 0.60       , -      , 2.04      , 50             , Yes  , Yes
alpindale/WizardLM-2-8x22B                       , novita      ,                 , 0.62      , 0.62       , 65535  , 0.40      , 53             , No   , No
arcee-ai/Trinity-Mini                            , together    ,                 , 0.05      , 0.15       , 128000 , 0.22      , 161            , Yes  , Yes
baidu/ERNIE-4.5-21B-A3B-PT                       , novita      ,                 , 0.07      , 0.28       , 120000 , 1.16      , 77             , No   , No
baidu/ERNIE-4.5-300B-A47B-Base-PT                , novita      ,                 , 0.28      , 1.10       , 123000 , 1.19      , 23             , No   , Yes
baidu/ERNIE-4.5-VL-28B-A3B-PT                    , novita      ,                 , 0.14      , 0.56       , 30000  , 0.67      , 79             , No   , No
baidu/ERNIE-4.5-VL-424B-A47B-Base-PT             , novita      ,                 , 0.42      , 1.25       , 123000 , 0.94      , 43             , No   , No
deepcogito/cogito-671b-v2.1                      , fireworks-ai,                 , -         , -          , 163840 , 0.28      , 42             , Yes  , No
deepcogito/cogito-671b-v2.1                      , together    , cheapest fastest, 1.25      , 1.25       , 163840 , 0.27      , 70             , No   , Yes
deepcogito/cogito-671b-v2.1-FP8                  , together    ,                 , 1.25      , 1.25       , 163840 , 0.25      , 70             , No   , Yes
deepcogito/cogito-v2-preview-llama-405B          , together    ,                 , 3.50      , 3.50       , 32768  , 1.78      , 25             , Yes  , Yes
deepseek-ai/DeepSeek-OCR                         , novita      ,                 , 0.03      , 0.03       , 8192   , 0.65      , 254            , No   , No
deepseek-ai/DeepSeek-Prover-V2-671B              , novita      ,                 , 0.70      , 2.50       , 160000 , 0.53      , 20             , No   , No
deepseek-ai/DeepSeek-R1                          , fireworks-ai,                 , -         , -          , -      , -         , -              , -    , -
deepseek-ai/DeepSeek-R1                          , hyperbolic  , cheapest        , 2.00      , 2.00       , 163840 , 0.77      , 48             , No   , No
deepseek-ai/DeepSeek-R1                          , novita      ,                 , 0.70      , 2.50       , 64000  , 1.22      , 28             , Yes  , No
deepseek-ai/DeepSeek-R1                          , sambanova   , fastest         , -         , -          , -      , 1.17      , 180            , Yes  , Yes
deepseek-ai/DeepSeek-R1                          , together    ,                 , 3.00      , 7.00       , 163840 , 0.59      , 52             , No   , Yes
deepseek-ai/DeepSeek-R1-0528                     , fireworks-ai,                 , 3.00      , 8.00       , 163840 , 1.07      , 85             , Yes  , No
deepseek-ai/DeepSeek-R1-0528                     , hyperbolic  ,                 , 3.00      , 3.00       , 163840 , 0.63      , 43             , No   , No
deepseek-ai/DeepSeek-R1-0528                     , novita      , cheapest        , 0.70      , 2.50       , 163840 , 2.76      , 28             , Yes  , No
deepseek-ai/DeepSeek-R1-0528                     , sambanova   , fastest         , 5.00      , 7.00       , 131072 , 2.54      , 147            , Yes  , Yes
deepseek-ai/DeepSeek-R1-0528                     , together    ,                 , 3.00      , 7.00       , 163840 , 0.72      , 46             , No   , Yes
deepseek-ai/DeepSeek-R1-Distill-Llama-70B        , groq        ,                 , -         , -          , -      , -         , -              , -    , -
deepseek-ai/DeepSeek-R1-Distill-Llama-70B        , novita      ,                 , 0.80      , 0.80       , 8192   , 1.56      , 37             , No   , No
deepseek-ai/DeepSeek-R1-Distill-Llama-70B        , nscale      , cheapest        , 0.75      , 0.75       , 131072 , 0.87      , 17             , No   , Yes
deepseek-ai/DeepSeek-R1-Distill-Llama-70B        , ovhcloud    ,                 , -         , -          , -      , -         , -              , -    , -
deepseek-ai/DeepSeek-R1-Distill-Llama-70B        , sambanova   , fastest         , 0.70      , 1.40       , 131072 , 3.58      , 145            , No   , No
deepseek-ai/DeepSeek-R1-Distill-Llama-70B        , scaleway    ,                 , -         , -          , -      , 0.60      , 25             , No   , Yes
deepseek-ai/DeepSeek-R1-Distill-Llama-8B         , novita      ,                 , -         , -          , -      , -         , -              , -    , -
deepseek-ai/DeepSeek-R1-Distill-Llama-8B         , nscale      ,                 , 0.05      , 0.05       , 131072 , 0.69      , 57             , No   , Yes
deepseek-ai/DeepSeek-R1-Distill-Qwen-1.5B        , nscale      ,                 , 0.10      , 0.10       , 131072 , 0.77      , 142            , No   , No
deepseek-ai/DeepSeek-R1-Distill-Qwen-32B         , novita      ,                 , -         , -          , -      , -         , -              , -    , -
deepseek-ai/DeepSeek-R1-Distill-Qwen-32B         , nscale      ,                 , 0.30      , 0.30       , 131072 , 0.84      , 28             , No   , Yes
deepseek-ai/DeepSeek-R1-Distill-Qwen-7B          , nscale      ,                 , 0.15      , 0.15       , 131072 , 0.95      , 65             , No   , No
deepseek-ai/DeepSeek-V3                          , fireworks-ai,                 , -         , -          , -      , -         , -              , -    , -
deepseek-ai/DeepSeek-V3                          , novita      ,                 , 0.40      , 1.30       , 64000  , 2.26      , 25             , Yes  , No
deepseek-ai/DeepSeek-V3                          , together    , cheapest fastest, 1.25      , 1.25       , 131072 , 0.73      , 45             , Yes  , Yes
deepseek-ai/DeepSeek-V3-0324                     , fireworks-ai,                 , -         , -          , -      , -         , -              , -    , -
deepseek-ai/DeepSeek-V3-0324                     , hyperbolic  ,                 , 1.25      , 1.25       , 163840 , 1.04      , 48             , Yes  , No
deepseek-ai/DeepSeek-V3-0324                     , novita      , cheapest        , 0.27      , 1.12       , 163840 , 2.13      , 37             , Yes  , Yes
deepseek-ai/DeepSeek-V3-0324                     , sambanova   , fastest         , 3.00      , 4.50       , 131072 , 1.51      , 171            , Yes  , Yes
deepseek-ai/DeepSeek-V3-0324                     , together    ,                 , 1.25      , 1.25       , 131072 , 1.18      , 47             , Yes  , Yes
deepseek-ai/DeepSeek-V3.1                        , fireworks-ai, fastest         , -         , -          , 163840 , 0.38      , 68             , Yes  , No
deepseek-ai/DeepSeek-V3.1                        , novita      , cheapest        , 0.27      , 1.00       , 131072 , 2.04      , 36             , Yes  , Yes
deepseek-ai/DeepSeek-V3.1                        , together    ,                 , 0.60      , 1.70       , 131072 , 1.36      , 45             , Yes  , Yes
deepseek-ai/DeepSeek-V3.1-Terminus               , novita      ,                 , 0.27      , 1.00       , 131072 , 0.92      , 36             , Yes  , Yes
deepseek-ai/DeepSeek-V3.2                        , fireworks-ai, fastest         , -         , -          , 163840 , 2.87      , 57             , Yes  , No
deepseek-ai/DeepSeek-V3.2                        , novita      , cheapest        , 0.27      , 0.40       , 163840 , 2.21      , 24             , Yes  , Yes
deepseek-ai/DeepSeek-V3.2-Exp                    , novita      ,                 , 0.27      , 0.41       , 163840 , 0.73      , 34             , Yes  , Yes
dicta-il/DictaLM-3.0-24B-Thinking                , publicai    ,                 , 0.20      , 0.40       , -      , 2.19      , 61             , Yes  , Yes
google/gemma-3-27b-it                            , scaleway    ,                 , -         , -          , -      , 0.48      , 44             , Yes  , No
katanemo/Arch-Router-1.5B                        , hf-inference,                 , -         , -          , -      , 0.14      , 62             , No   , Yes
marin-community/marin-8b-instruct                , together    ,                 , 0.18      , 0.18       , 4096   , 0.18      , 176            , No   , Yes
meta-llama/Llama-3.1-70B-Instruct                , fireworks-ai,                 , -         , -          , -      , -         , -              , -    , -
meta-llama/Llama-3.1-70B-Instruct                , scaleway    ,                 , -         , -          , -      , 0.41      , 82             , Yes  , Yes
meta-llama/Llama-3.1-8B-Instruct                 , cerebras    , fastest         , 0.10      , 0.10       , -      , 0.24      , 836            , No   , No
meta-llama/Llama-3.1-8B-Instruct                 , fireworks-ai,                 , -         , -          , -      , -         , -              , -    , -
meta-llama/Llama-3.1-8B-Instruct                 , novita      , cheapest        , 0.02      , 0.05       , 16384  , 0.67      , 75             , No   , No
meta-llama/Llama-3.1-8B-Instruct                 , nscale      ,                 , 0.06      , 0.06       , 131072 , 0.86      , 59             , No   , Yes
meta-llama/Llama-3.1-8B-Instruct                 , ovhcloud    ,                 , 0.11      , 0.11       , 131072 , 0.38      , 42             , Yes  , Yes
meta-llama/Llama-3.1-8B-Instruct                 , sambanova   ,                 , 0.10      , 0.20       , 16384  , 0.82      , 466            , Yes  , Yes
meta-llama/Llama-3.1-8B-Instruct                 , scaleway    ,                 , -         , -          , -      , 0.32      , 104            , Yes  , Yes
meta-llama/Llama-3.2-1B-Instruct                 , novita      ,                 , -         , -          , 131000 , 0.72      , 184            , No   , No
meta-llama/Llama-3.2-1B-Instruct                 , sambanova   ,                 , -         , -          , -      , -         , -              , -    , -
meta-llama/Llama-3.2-1B-Instruct                 , together    ,                 , -         , -          , -      , -         , -              , -    , -
meta-llama/Llama-3.2-3B-Instruct                 , hyperbolic  ,                 , 0.10      , 0.10       , 131072 , 2.04      , 103            , Yes  , No
meta-llama/Llama-3.2-3B-Instruct                 , novita      ,                 , -         , -          , -      , -         , -              , -    , -
meta-llama/Llama-3.2-3B-Instruct                 , sambanova   ,                 , -         , -          , -      , -         , -              , -    , -
meta-llama/Llama-3.2-3B-Instruct                 , together    , cheapest fastest, 0.06      , 0.06       , 131072 , 0.72      , 113            , Yes  , Yes
meta-llama/Llama-3.3-70B-Instruct                , cerebras    , fastest         , 0.85      , 1.20       , -      , 0.41      , 893            , Yes  , No
meta-llama/Llama-3.3-70B-Instruct                , fireworks-ai,                 , 0.90      , 0.90       , 131072 , 0.29      , 119            , No   , No
meta-llama/Llama-3.3-70B-Instruct                , groq        ,                 , 0.59      , 0.79       , 131072 , 0.24      , 333            , Yes  , No
meta-llama/Llama-3.3-70B-Instruct                , hyperbolic  ,                 , 0.40      , 0.40       , 131072 , 1.03      , 99             , Yes  , No
meta-llama/Llama-3.3-70B-Instruct                , novita      , cheapest        , 0.14      , 0.40       , 131072 , 1.63      , 42             , Yes  , No
meta-llama/Llama-3.3-70B-Instruct                , nscale      ,                 , 0.40      , 0.40       , 131072 , 1.07      , 16             , No   , Yes
meta-llama/Llama-3.3-70B-Instruct                , ovhcloud    ,                 , 0.74      , 0.74       , 131072 , 0.42      , 36             , Yes  , Yes
meta-llama/Llama-3.3-70B-Instruct                , sambanova   ,                 , 0.60      , 1.20       , 131072 , 0.33      , 289            , Yes  , Yes
meta-llama/Llama-3.3-70B-Instruct                , scaleway    ,                 , -         , -          , -      , 0.30      , 84             , Yes  , Yes
meta-llama/Llama-3.3-70B-Instruct                , together    ,                 , 0.88      , 0.88       , 131072 , 1.75      , 51             , No   , No
meta-llama/Llama-4-Maverick-17B-128E-Instruct    , fireworks-ai,                 , -         , -          , -      , -         , -              , -    , -
meta-llama/Llama-4-Maverick-17B-128E-Instruct    , groq        , cheapest        , 0.20      , 0.60       , 131072 , 2.83      , 179            , Yes  , No
meta-llama/Llama-4-Maverick-17B-128E-Instruct    , sambanova   , fastest         , 0.63      , 1.80       , 131072 , 1.33      , 336            , Yes  , Yes
meta-llama/Llama-4-Maverick-17B-128E-Instruct-FP8, novita      , cheapest fastest, 0.27      , 0.85       , 1048576, 0.41      , 59             , No   , No
meta-llama/Llama-4-Maverick-17B-128E-Instruct-FP8, together    ,                 , 0.27      , 0.85       , 1048576, 0.34      , 58             , Yes  , Yes
meta-llama/Llama-4-Scout-17B-16E-Instruct        , fireworks-ai,                 , -         , -          , -      , -         , -              , -    , -
meta-llama/Llama-4-Scout-17B-16E-Instruct        , groq        , fastest         , 0.11      , 0.34       , 131072 , 0.21      , 373            , Yes  , No
meta-llama/Llama-4-Scout-17B-16E-Instruct        , novita      ,                 , 0.18      , 0.59       , 131072 , 0.39      , 50             , No   , No
meta-llama/Llama-4-Scout-17B-16E-Instruct        , nscale      , cheapest        , 0.09      , 0.29       , 890000 , 0.79      , 33             , Yes  , Yes
meta-llama/Llama-4-Scout-17B-16E-Instruct        , sambanova   ,                 , -         , -          , -      , -         , -              , -    , -
meta-llama/Llama-4-Scout-17B-16E-Instruct        , together    ,                 , 0.18      , 0.59       , 1048576, 0.33      , 72             , Yes  , Yes
meta-llama/Llama-Guard-4-12B                     , groq        ,                 , 0.20      , 0.20       , 131072 , 0.22      , 8              , No   , No
meta-llama/Meta-Llama-3-70B-Instruct             , groq        ,                 , -         , -          , -      , -         , -              , -    , -
meta-llama/Meta-Llama-3-70B-Instruct             , hyperbolic  ,                 , -         , -          , -      , -         , -              , -    , -
meta-llama/Meta-Llama-3-70B-Instruct             , novita      ,                 , 0.51      , 0.74       , 8192   , 1.62      , 9              , No   , Yes
meta-llama/Meta-Llama-3-70B-Instruct             , together    ,                 , -         , -          , -      , -         , -              , -    , -
meta-llama/Meta-Llama-3-8B-Instruct              , groq        ,                 , -         , -          , -      , -         , -              , -    , -
meta-llama/Meta-Llama-3-8B-Instruct              , novita      ,                 , 0.04      , 0.04       , 8192   , 0.60      , 71             , No   , No
meta-llama/Meta-Llama-3-8B-Instruct              , together    ,                 , -         , -          , -      , -         , -              , -    , -
mistralai/Mixtral-8x22B-Instruct-v0.1            , fireworks-ai, fastest         , 1.20      , 1.20       , 65536  , 0.42      , 69             , No   , No
mistralai/Mixtral-8x22B-Instruct-v0.1            , nscale      , cheapest        , 1.20      , 1.20       , 65536  , 0.92      , 20             , No   , Yes
mistralai/Mixtral-8x22B-Instruct-v0.1            , together    ,                 , -         , -          , -      , -         , -              , -    , -
moonshotai/Kimi-K2-Instruct                      , fireworks-ai,                 , -         , -          , -      , -         , -              , -    , -
moonshotai/Kimi-K2-Instruct                      , novita      , cheapest        , 0.57      , 2.30       , 131072 , 1.12      , 31             , Yes  , Yes
moonshotai/Kimi-K2-Instruct                      , together    , fastest         , 1.00      , 3.00       , 131072 , 0.87      , 60             , Yes  , Yes
moonshotai/Kimi-K2-Instruct-0905                 , groq        , fastest         , -         , -          , 262144 , 0.17      , 186            , Yes  , No
moonshotai/Kimi-K2-Instruct-0905                 , novita      , cheapest        , 0.60      , 2.50       , 262144 , 0.95      , 41             , No   , No
moonshotai/Kimi-K2-Instruct-0905                 , together    ,                 , 1.00      , 3.00       , 262144 , 0.55      , 52             , Yes  , Yes
moonshotai/Kimi-K2-Thinking                      , novita      , cheapest        , 0.60      , 2.50       , 262144 , 1.25      , 32             , Yes  , No
moonshotai/Kimi-K2-Thinking                      , together    , fastest         , 1.20      , 4.00       , 262144 , 0.52      , 109            , Yes  , Yes
moonshotai/Kimi-K2.5                             , fireworks-ai, fastest         , -         , -          , 262144 , 2.58      , 63             , Yes  , No
moonshotai/Kimi-K2.5                             , novita      ,                 , 0.60      , 3.00       , 262144 , 1.81      , 60             , Yes  , No
moonshotai/Kimi-K2.5                             , together    , cheapest        , 0.50      , 2.80       , 262144 , 0.39      , 59             , Yes  , No
openai/gpt-oss-120b                              , cerebras    , fastest         , 0.25      , 0.69       , -      , 0.25      , 767            , Yes  , No
openai/gpt-oss-120b                              , fireworks-ai,                 , 0.15      , 0.60       , 131072 , 1.73      , 58             , Yes  , No
openai/gpt-oss-120b                              , groq        ,                 , 0.15      , 0.75       , 131072 , 0.49      , 392            , Yes  , No
openai/gpt-oss-120b                              , hyperbolic  ,                 , 0.30      , 0.30       , 131072 , 0.63      , 276            , Yes  , No
openai/gpt-oss-120b                              , novita      , cheapest        , 0.05      , 0.25       , 131072 , 1.67      , 67             , Yes  , Yes
openai/gpt-oss-120b                              , nscale      ,                 , 0.10      , 0.40       , 131072 , 0.66      , 98             , Yes  , Yes
openai/gpt-oss-120b                              , ovhcloud    ,                 , 0.09      , 0.47       , 131072 , 0.29      , 92             , Yes  , Yes
openai/gpt-oss-120b                              , sambanova   ,                 , 0.22      , 0.59       , 131072 , 0.92      , 516            , Yes  , Yes
openai/gpt-oss-120b                              , scaleway    ,                 , -         , -          , -      , 0.35      , 202            , Yes  , Yes
openai/gpt-oss-120b                              , together    ,                 , 0.15      , 0.60       , 131072 , 0.32      , 57             , Yes  , Yes
openai/gpt-oss-20b                               , fireworks-ai,                 , 0.05      , 0.20       , 131072 , 0.35      , 124            , Yes  , No
openai/gpt-oss-20b                               , groq        , fastest         , 0.10      , 0.50       , 131072 , 0.14      , 809            , Yes  , No
openai/gpt-oss-20b                               , hyperbolic  , cheapest        , 0.10      , 0.10       , 131072 , 0.65      , 123            , Yes  , No
openai/gpt-oss-20b                               , novita      ,                 , 0.04      , 0.15       , 131072 , 0.37      , 187            , No   , Yes
openai/gpt-oss-20b                               , nscale      ,                 , 0.05      , 0.20       , 131072 , 0.72      , 110            , Yes  , Yes
openai/gpt-oss-20b                               , ovhcloud    ,                 , 0.05      , 0.18       , 131072 , 0.34      , 101            , Yes  , Yes
openai/gpt-oss-20b                               , together    ,                 , 0.05      , 0.20       , 131072 , 0.25      , 234            , Yes  , Yes
openai/gpt-oss-safeguard-20b                     , groq        ,                 , -         , -          , 131072 , 0.13      , 858            , Yes  , No
swiss-ai/Apertus-70B-Instruct-2509               , publicai    ,                 , 0.82      , 2.92       , -      , 1.98      , 55             , No   , Yes
swiss-ai/Apertus-8B-Instruct-2509                , publicai    ,                 , 0.10      , 0.20       , -      , 1.81      , 93             , No   , Yes
tokyotech-llm/Llama-3.3-Swallow-70B-Instruct-v0.4, sambanova   ,                 , 0.60      , 1.20       , 131072 , 2.19      , 142            , No   , Yes
utter-project/EuroLLM-22B-Instruct-2512          , publicai    ,                 , 0.10      , 0.20       , -      , -         , -              , No   , No
zai-org/AutoGLM-Phone-9B-Multilingual            , novita      ,                 , 0.04      , 0.14       , 65536  , 0.57      , 67             , No   , No
zai-org/GLM-4-32B-0414                           , novita      ,                 , 0.55      , 1.66       , 32000  , 0.60      , 40             , No   , No
zai-org/GLM-4.5                                  , fireworks-ai,                 , -         , -          , -      , -         , -              , -    , -
zai-org/GLM-4.5                                  , novita      ,                 , 0.60      , 2.20       , 131072 , 1.55      , 52             , Yes  , No
zai-org/GLM-4.5                                  , zai-org     ,                 , -         , -          , -      , -         , -              , -    , -
zai-org/GLM-4.5-Air                              , fireworks-ai,                 , -         , -          , -      , -         , -              , -    , -
zai-org/GLM-4.5-Air                              , novita      , cheapest        , 0.13      , 0.85       , 131072 , 0.81      , 60             , Yes  , No
zai-org/GLM-4.5-Air                              , zai-org     , fastest         , -         , -          , -      , 1.98      , 68             , Yes  , No
zai-org/GLM-4.5-Air-FP8                          , together    ,                 , 0.20      , 1.10       , 131072 , 0.89      , 10             , No   , Yes
zai-org/GLM-4.5V                                 , novita      , cheapest        , 0.60      , 1.80       , 65536  , 0.59      , 58             , Yes  , No
zai-org/GLM-4.5V                                 , zai-org     , fastest         , -         , -          , -      , 2.04      , 64             , Yes  , No
zai-org/GLM-4.5V-FP8                             , zai-org     ,                 , -         , -          , -      , 2.28      , 51             , Yes  , No
zai-org/GLM-4.6                                  , cerebras    ,                 , -         , -          , -      , -         , -              , -    , -
zai-org/GLM-4.6                                  , novita      , cheapest        , 0.55      , 2.20       , 204800 , 1.90      , 36             , Yes  , No
zai-org/GLM-4.6                                  , zai-org     , fastest         , -         , -          , -      , 2.45      , 54             , Yes  , No
zai-org/GLM-4.6-FP8                              , zai-org     ,                 , -         , -          , -      , 2.85      , 44             , Yes  , No
zai-org/GLM-4.6V                                 , novita      ,                 , -         , -          , -      , -         , -              , -    , -
zai-org/GLM-4.6V                                 , zai-org     ,                 , -         , -          , -      , 2.07      , 69             , Yes  , No
zai-org/GLM-4.6V-FP8                             , zai-org     ,                 , -         , -          , -      , 2.15      , 62             , Yes  , No
zai-org/GLM-4.6V-Flash                           , novita      , cheapest        , 0.30      , 0.90       , 131072 , 0.60      , 67             , Yes  , No
zai-org/GLM-4.6V-Flash                           , zai-org     , fastest         , -         , -          , -      , 1.12      , 107            , Yes  , No
zai-org/GLM-4.7                                  , cerebras    , fastest         , -         , -          , -      , 0.32      , 289            , Yes  , No
zai-org/GLM-4.7                                  , novita      , cheapest        , 0.60      , 2.20       , 204800 , 1.74      , 81             , Yes  , Yes
zai-org/GLM-4.7                                  , zai-org     ,                 , -         , -          , -      , 1.68      , 79             , Yes  , No
zai-org/GLM-4.7-FP8                              , zai-org     ,                 , -         , -          , -      , 2.02      , 57             , Yes  , No
zai-org/GLM-4.7-Flash                            , novita      , cheapest fastest, 0.07      , 0.40       , 200000 , 0.65      , 64             , Yes  , No
zai-org/GLM-4.7-Flash                            , zai-org     ,                 , -         , -          , -      , 2.51      , 46             , Yes  , No
